client_id,date,sessions,active_users,revenue,platform_type,country,bounce_rate,page_views
8270,2024-01-01,4200,957,2297.75,Web,BR,69.1,100
1860,2024-01-02,4945,82,199.53,Web,CA,62.0,68
6390,2024-01-03,4923,408,3731.84,Web,JP,21.7,36
6191,2024-01-04,1531,1438,2751.12,Tablet,US,18.4,146
6734,2024-01-05,1951,139,298.13,Web,FR,14.7,22
7265,2024-01-06,3501,1821,3406.97,Web,FR,60.7,66
1466,2024-01-07,4114,2011,2339.24,Mobile,DE,75.0,21
5426,2024-01-08,104,275,181.96,Mobile,UK,40.1,100
6578,2024-01-09,1873,1570,4848.34,Web,BR,18.3,128
9322,2024-01-10,3512,1995,4746.07,Mobile,CA,45.9,44
2685,2024-01-11,3129,802,2569.38,Mobile,BR,34.4,103
1769,2024-01-12,882,2310,477.43,Web,DE,36.2,47
7949,2024-01-13,4458,1322,3775.56,Web,DE,53.5,39
3433,2024-01-14,2856,173,2464.74,Web,CA,60.3,29
6311,2024-01-15,2540,104,1519.21,Web,UK,17.7,54
6051,2024-01-16,377,1815,2462.18,Tablet,CA,12.5,90
7420,2024-01-17,3360,1143,2617.0,Tablet,CA,79.6,85
2184,2024-01-18,3350,2393,2817.93,Web,JP,26.3,17
5555,2024-01-19,3725,831,2211.71,Mobile,UK,13.8,80
4385,2024-01-20,3104,247,3032.72,Web,FR,23.3,73
7396,2024-01-21,2193,2438,4594.49,Web,JP,12.7,49
9666,2024-01-22,1361,1970,1817.72,Mobile,US,37.4,101
3558,2024-01-23,3241,1058,3631.33,Tablet,UK,66.2,2
8849,2024-01-24,2588,1686,4473.32,Web,DE,33.9,142
3047,2024-01-25,4033,973,2285.34,Web,JP,41.1,59
3747,2024-01-26,4597,546,2222.84,Tablet,UK,57.3,97
1189,2024-01-27,214,1613,3014.56,Tablet,BR,45.6,99
3734,2024-01-28,4327,1989,2961.12,Mobile,CA,70.3,103
4005,2024-01-29,872,137,4034.88,Tablet,US,70.6,2
5658,2024-01-30,993,101,2387.65,Tablet,FR,10.7,41
2899,2024-01-31,4475,552,4980.65,Tablet,CA,64.5,123
8734,2024-02-01,824,855,306.76,Mobile,BR,42.3,82
2267,2024-02-02,2248,1691,25.81,Tablet,BR,79.2,144
2528,2024-02-03,3206,1861,3204.59,Tablet,US,43.8,132
4556,2024-02-04,4292,399,1499.19,Mobile,FR,79.1,140
4890,2024-02-05,3745,1894,1209.51,Tablet,DE,62.8,29
9838,2024-02-06,3502,52,1566.38,Tablet,JP,27.4,135
6393,2024-02-07,964,263,1287.68,Mobile,FR,47.7,14
9792,2024-02-08,1358,1093,163.64,Web,UK,79.4,12
9433,2024-02-09,4227,2344,4857.95,Mobile,BR,70.0,99
8513,2024-02-10,563,1550,1111.52,Tablet,UK,16.8,133
3612,2024-02-11,1970,1963,3672.81,Tablet,DE,59.4,81
8041,2024-02-12,3644,2402,3815.36,Tablet,UK,34.2,106
7235,2024-02-13,4891,651,4646.99,Mobile,FR,10.5,32
6486,2024-02-14,1459,2439,162.44,Tablet,UK,38.2,74
8099,2024-02-15,4852,699,4361.52,Tablet,DE,26.4,81
1775,2024-02-16,4616,1286,2640.86,Mobile,DE,67.3,69
9226,2024-02-17,3240,1960,3166.4,Web,DE,33.6,45
4152,2024-02-18,4541,1089,3225.91,Web,FR,67.9,106
2585,2024-02-19,1605,1496,4100.79,Tablet,DE,10.0,137
4943,2024-02-20,854,466,1673.7,Mobile,BR,31.5,100
8555,2024-02-21,1329,992,3667.93,Tablet,CA,26.9,146
4073,2024-02-22,3627,2140,2647.6,Mobile,DE,26.3,9
2021,2024-02-23,2951,1132,3969.04,Mobile,UK,14.8,62
4843,2024-02-24,1437,158,4952.82,Web,JP,23.1,29
8989,2024-02-25,4738,1362,1011.25,Web,UK,48.9,125
7873,2024-02-26,2811,1189,4973.3,Mobile,JP,30.4,114
6675,2024-02-27,2729,199,458.16,Tablet,UK,39.2,143
1161,2024-02-28,2156,892,21.56,Web,FR,36.4,134
5297,2024-02-29,4273,2320,230.37,Tablet,UK,71.3,120
1995,2024-03-01,4881,409,1715.49,Web,FR,73.4,79
8629,2024-03-02,2818,618,3168.2,Web,FR,44.5,93
2016,2024-03-03,4003,1805,354.46,Tablet,DE,33.1,4
8869,2024-03-04,3236,1648,38.27,Web,BR,17.5,82
7439,2024-03-05,3330,1585,4686.08,Web,JP,76.7,75
8892,2024-03-06,2623,2158,4111.41,Tablet,DE,14.2,14
7863,2024-03-07,4666,1392,4047.82,Web,DE,30.8,131
8916,2024-03-08,2649,1413,4423.28,Web,CA,30.9,114
9529,2024-03-09,4083,829,3503.17,Web,FR,32.4,62
1878,2024-03-10,286,829,530.98,Tablet,FR,21.5,106
5887,2024-03-11,1354,429,2001.51,Mobile,JP,64.8,64
5859,2024-03-12,3480,133,3618.52,Tablet,UK,18.6,102
7331,2024-03-13,1351,431,1408.87,Mobile,UK,54.4,106
9571,2024-03-14,2591,1518,3440.16,Web,DE,18.7,20
9684,2024-03-15,2101,1607,132.25,Mobile,US,14.9,58
8208,2024-03-16,491,777,1537.63,Tablet,US,73.7,112
6276,2024-03-17,2126,2054,2750.16,Tablet,UK,23.3,57
3062,2024-03-18,3230,2212,3164.13,Web,US,67.5,119
1064,2024-03-19,2707,2149,2889.43,Mobile,CA,48.1,97
9006,2024-03-20,3848,1559,3491.8,Web,UK,15.4,92
3568,2024-03-21,854,1774,40.38,Web,FR,76.9,52
6463,2024-03-22,124,2054,513.7,Tablet,DE,27.3,37
3027,2024-03-23,2225,519,4346.03,Mobile,BR,70.2,8
3695,2024-03-24,3974,1216,3411.93,Mobile,DE,21.8,44
6258,2024-03-25,2139,395,573.53,Mobile,UK,69.8,98
6618,2024-03-26,90,1607,4211.95,Mobile,CA,10.9,133
7736,2024-03-27,2131,2462,1218.73,Web,UK,45.8,118
1391,2024-03-28,4733,2303,2396.52,Web,DE,63.9,69
6892,2024-03-29,1672,751,734.53,Tablet,CA,75.4,45
4561,2024-03-30,391,1921,3553.45,Web,CA,73.6,137
7184,2024-03-31,4102,1456,3337.6,Web,CA,67.4,32
4099,2024-04-01,2124,910,1063.45,Tablet,JP,72.2,33
7278,2024-04-02,695,2122,4318.37,Tablet,UK,23.9,126
9392,2024-04-03,4876,2270,2012.52,Tablet,US,29.9,67
4104,2024-04-04,4313,2019,1469.65,Web,US,30.2,30
8215,2024-04-05,659,251,770.12,Web,UK,36.4,114
3454,2024-04-06,504,2395,1338.18,Tablet,UK,37.5,29
9996,2024-04-07,3003,2030,119.91,Tablet,JP,48.1,131
3731,2024-04-08,1758,182,2920.45,Tablet,US,21.2,30
9154,2024-04-09,3522,681,4212.73,Web,UK,58.4,137
6056,2024-04-10,3019,173,2749.41,Web,UK,21.7,130
9110,2024-04-11,3078,474,1104.18,Mobile,JP,31.7,62
4840,2024-04-12,4847,506,178.01,Web,JP,45.2,3
2028,2024-04-13,2731,709,1080.99,Web,DE,65.8,68
8385,2024-04-14,3679,2452,2086.45,Web,JP,61.8,25
1502,2024-04-15,4275,712,3800.46,Tablet,BR,55.2,141
7910,2024-04-16,3117,1950,947.34,Web,US,20.9,44
7938,2024-04-17,1436,2365,3601.76,Tablet,DE,48.3,55
5488,2024-04-18,3826,1801,4336.0,Mobile,BR,16.1,137
1206,2024-04-19,2916,192,2275.19,Mobile,UK,36.4,130
6134,2024-04-20,4838,638,4108.95,Tablet,UK,38.9,41
6977,2024-04-21,3413,1741,2777.74,Tablet,DE,12.8,64
8721,2024-04-22,4939,555,3189.08,Tablet,JP,29.2,31
8035,2024-04-23,4174,1597,2636.13,Web,CA,76.9,47
2484,2024-04-24,198,633,2321.23,Mobile,CA,76.8,130
8858,2024-04-25,3900,603,1180.92,Tablet,UK,34.7,96
1863,2024-04-26,2108,753,1522.94,Web,CA,13.0,77
3790,2024-04-27,1186,1778,1456.95,Mobile,FR,22.5,110
8408,2024-04-28,236,1469,2820.81,Web,DE,37.5,69
9755,2024-04-29,2904,1958,608.57,Mobile,BR,76.3,58
6116,2024-04-30,1300,2078,4584.79,Web,DE,19.9,106
7019,2024-05-01,1383,2454,3606.07,Mobile,US,63.4,44
2757,2024-05-02,4243,114,2013.21,Mobile,JP,17.6,74
8574,2024-05-03,4200,2249,801.53,Web,JP,78.7,56
7374,2024-05-04,2761,26,4411.14,Tablet,DE,36.7,127
7892,2024-05-05,4903,402,4120.65,Mobile,UK,64.3,30
2678,2024-05-06,4551,434,3611.39,Tablet,UK,34.0,71
4242,2024-05-07,1835,2186,1365.02,Web,FR,53.9,118
5636,2024-05-08,800,581,2018.21,Tablet,FR,23.4,55
2059,2024-05-09,1812,2086,522.71,Tablet,JP,20.2,67
7668,2024-05-10,3970,1130,953.31,Tablet,FR,75.7,141
4157,2024-05-11,4510,251,3917.25,Tablet,BR,74.2,3
6915,2024-05-12,531,2289,3578.04,Tablet,FR,72.1,26
3693,2024-05-13,203,798,2971.49,Mobile,BR,53.8,57
4627,2024-05-14,1574,724,4479.68,Mobile,FR,66.6,126
6450,2024-05-15,2170,768,2920.5,Mobile,JP,14.8,53
2663,2024-05-16,2393,785,2340.17,Web,JP,33.4,43
6592,2024-05-17,1290,2257,1708.45,Tablet,BR,32.0,49
8392,2024-05-18,110,88,4702.84,Mobile,DE,54.5,42
2306,2024-05-19,988,865,422.75,Web,JP,34.9,11
7776,2024-05-20,1689,1449,4655.13,Mobile,DE,20.4,103
6864,2024-05-21,4170,2144,4135.31,Mobile,UK,51.8,98
8526,2024-05-22,4276,2158,658.35,Tablet,BR,67.0,146
9901,2024-05-23,3619,1041,2829.27,Web,CA,36.7,85
6575,2024-05-24,1302,854,4334.07,Tablet,JP,19.3,100
6530,2024-05-25,4253,96,2863.33,Tablet,US,23.8,104
5413,2024-05-26,221,2100,4536.93,Mobile,UK,26.6,46
4748,2024-05-27,1508,417,4715.49,Tablet,DE,31.0,44
1663,2024-05-28,3599,1678,2117.7,Web,JP,55.0,22
2998,2024-05-29,4247,157,1892.8,Tablet,BR,52.1,114
8994,2024-05-30,2372,2334,4682.24,Tablet,CA,58.7,125
2495,2024-05-31,1686,241,3378.95,Tablet,FR,35.4,124
4304,2024-06-01,3165,1960,588.95,Mobile,CA,67.7,30
4763,2024-06-02,4140,375,221.04,Web,US,24.3,8
6232,2024-06-03,3054,1684,2827.5,Mobile,DE,42.8,98
2853,2024-06-04,379,445,4651.55,Mobile,UK,66.1,57
7585,2024-06-05,3690,408,4222.8,Mobile,CA,22.6,111
2291,2024-06-06,3944,1244,3382.48,Mobile,BR,17.7,73
4581,2024-06-07,4157,1424,704.19,Mobile,US,71.9,115
8554,2024-06-08,1391,572,1278.61,Web,BR,34.0,20
8280,2024-06-09,3713,2499,4378.8,Tablet,JP,57.9,25
2636,2024-06-10,265,1294,922.21,Mobile,FR,11.8,19
4696,2024-06-11,388,782,1399.41,Mobile,UK,58.3,5
1698,2024-06-12,4112,2407,656.71,Web,BR,32.1,75
5737,2024-06-13,2758,2047,3383.78,Web,DE,13.9,128
1854,2024-06-14,3202,1353,4720.47,Tablet,JP,52.7,72
9164,2024-06-15,1800,2195,1352.15,Web,JP,26.9,40
6855,2024-06-16,2471,1583,2382.28,Tablet,UK,37.1,26
8392,2024-06-17,759,1001,3175.36,Mobile,JP,15.6,27
7528,2024-06-18,3776,2425,4997.34,Mobile,DE,20.3,83
6249,2024-06-19,3692,1256,532.99,Tablet,BR,30.9,128
6172,2024-06-20,4043,369,2497.87,Web,UK,16.3,33
2707,2024-06-21,538,930,1931.75,Tablet,JP,73.8,97
6791,2024-06-22,96,2386,4330.44,Web,JP,10.4,111
6535,2024-06-23,3409,972,2385.08,Mobile,DE,43.9,16
5931,2024-06-24,4923,1837,563.78,Web,FR,18.6,23
4510,2024-06-25,4856,1623,3175.78,Tablet,FR,31.5,135
1202,2024-06-26,450,1650,3856.2,Tablet,CA,74.8,26
5218,2024-06-27,4040,2226,24.38,Mobile,JP,21.3,96
9958,2024-06-28,3207,226,4296.19,Web,BR,77.6,12
5389,2024-06-29,4395,387,938.25,Web,UK,24.4,72
3327,2024-06-30,440,128,2764.83,Web,JP,61.9,133
9004,2024-07-01,3903,199,2084.83,Mobile,US,48.3,106
3931,2024-07-02,4480,379,3601.07,Web,UK,71.9,117
8777,2024-07-03,678,1811,1862.1,Tablet,CA,48.8,26
1197,2024-07-04,4282,2206,4350.12,Web,FR,47.4,133
8125,2024-07-05,2980,661,3655.18,Mobile,JP,23.7,22
2930,2024-07-06,1571,1892,3242.09,Web,DE,21.6,13
7287,2024-07-07,876,1521,3983.24,Web,US,74.2,107
9800,2024-07-08,4872,779,3772.57,Tablet,JP,32.9,23
5282,2024-07-09,1550,2431,189.33,Web,CA,36.0,97
3511,2024-07-10,3344,790,1979.72,Tablet,BR,63.2,18
1659,2024-07-11,2469,1726,4654.73,Tablet,US,33.7,117
3811,2024-07-12,984,2217,637.36,Mobile,CA,76.6,30
8098,2024-07-13,3092,2408,3688.11,Tablet,JP,61.7,26
7546,2024-07-14,4547,1321,4873.21,Tablet,BR,51.8,144
2986,2024-07-15,1516,1259,270.47,Mobile,US,71.7,39
9338,2024-07-16,3611,532,3414.15,Tablet,BR,13.5,130
3911,2024-07-17,664,531,2346.09,Mobile,BR,28.0,113
2734,2024-07-18,1232,792,2900.08,Web,US,42.6,134
2843,2024-07-19,3273,2330,435.85,Mobile,US,25.9,46
9680,2024-07-20,2717,945,224.6,Tablet,BR,62.1,50
3976,2024-07-21,180,2240,3337.66,Mobile,CA,74.3,106
2959,2024-07-22,3033,1698,4118.31,Tablet,FR,39.7,146
6759,2024-07-23,4328,497,3912.26,Web,US,33.9,72
7694,2024-07-24,4509,1860,2723.59,Mobile,JP,77.3,74
3385,2024-07-25,88,855,508.34,Web,UK,41.1,17
5736,2024-07-26,4009,2181,3443.34,Tablet,DE,44.2,70
2802,2024-07-27,3637,2471,1217.03,Tablet,BR,34.6,6
9155,2024-07-28,970,2013,4556.23,Web,BR,73.7,26
9120,2024-07-29,2819,1758,4192.94,Mobile,DE,49.8,140
7616,2024-07-30,4161,695,3549.82,Mobile,FR,63.4,99
6534,2024-07-31,542,2170,4744.74,Tablet,DE,66.8,142
5061,2024-08-01,1181,2179,166.79,Web,US,33.9,22
1262,2024-08-02,3571,1577,3683.64,Web,DE,40.4,51
7287,2024-08-03,360,1255,1657.91,Mobile,BR,69.4,104
9815,2024-08-04,788,48,4531.27,Mobile,DE,35.4,89
3049,2024-08-05,3291,789,1340.71,Mobile,UK,65.6,141
6423,2024-08-06,595,1266,3627.03,Web,JP,75.9,138
5548,2024-08-07,2511,2206,4389.46,Mobile,US,53.6,9
4108,2024-08-08,4396,1937,217.87,Mobile,DE,61.9,79
8158,2024-08-09,4904,311,1994.26,Tablet,BR,66.4,52
8400,2024-08-10,1854,2295,3813.92,Mobile,CA,69.2,130
4170,2024-08-11,3262,656,2280.05,Mobile,JP,37.7,13
3255,2024-08-12,3860,672,1343.59,Web,US,13.6,51
2154,2024-08-13,863,2293,1106.83,Web,BR,38.1,34
5499,2024-08-14,4174,1769,666.28,Tablet,FR,57.2,35
7295,2024-08-15,2082,2260,4287.08,Mobile,UK,41.5,131
7197,2024-08-16,4622,265,2881.02,Tablet,FR,62.4,120
2648,2024-08-17,4463,607,391.16,Web,UK,35.0,70
6539,2024-08-18,294,671,1919.08,Tablet,DE,54.4,147
5199,2024-08-19,4893,244,1844.99,Web,US,23.0,67
9445,2024-08-20,4842,1378,916.88,Tablet,DE,62.5,103
3557,2024-08-21,321,779,2183.18,Tablet,UK,48.2,73
6592,2024-08-22,3561,222,1667.18,Mobile,UK,24.3,116
1098,2024-08-23,1821,472,1715.6,Tablet,UK,30.4,133
3200,2024-08-24,1312,2493,3697.74,Mobile,JP,62.4,67
3961,2024-08-25,2474,292,1124.08,Mobile,BR,43.8,139
5973,2024-08-26,4411,1496,3212.88,Mobile,US,25.1,121
5433,2024-08-27,970,1440,2857.54,Mobile,DE,77.7,94
3869,2024-08-28,3480,97,2844.78,Tablet,DE,60.1,129
1956,2024-08-29,4485,1077,3318.41,Web,FR,77.0,91
9352,2024-08-30,4534,470,2746.43,Web,UK,39.9,92
6699,2024-08-31,2674,2335,4397.48,Web,CA,43.3,63
7944,2024-09-01,3810,2478,3381.14,Tablet,UK,72.9,29
5493,2024-09-02,2100,1734,2739.35,Mobile,UK,46.8,12
5911,2024-09-03,3550,1386,4150.52,Web,CA,59.5,77
4987,2024-09-04,1215,524,3034.67,Tablet,DE,27.7,41
7015,2024-09-05,425,712,1462.81,Mobile,FR,41.3,130
2218,2024-09-06,2083,1663,1043.4,Web,BR,18.6,37
5496,2024-09-07,195,2076,770.12,Mobile,CA,24.4,24
5735,2024-09-08,4438,32,4498.28,Web,JP,10.1,99
5555,2024-09-09,481,2470,3553.58,Web,US,12.7,100
9050,2024-09-10,754,1063,4687.52,Web,CA,78.4,139
4446,2024-09-11,2682,1840,3020.43,Mobile,BR,27.0,58
2045,2024-09-12,4544,2165,2372.27,Tablet,DE,56.4,29
7893,2024-09-13,1013,1314,307.99,Mobile,JP,68.7,143
2693,2024-09-14,2284,1144,3361.49,Web,JP,48.5,60
4436,2024-09-15,2091,2193,2915.22,Mobile,JP,20.7,95
9754,2024-09-16,1878,371,4951.14,Tablet,UK,61.0,42
6895,2024-09-17,2158,2186,1203.4,Mobile,US,52.0,43
4354,2024-09-18,4118,1909,2658.38,Tablet,DE,61.2,74
1225,2024-09-19,988,1294,3258.28,Tablet,DE,63.9,64
5893,2024-09-20,4855,524,3226.51,Mobile,JP,78.3,2
8022,2024-09-21,856,458,2810.85,Web,DE,50.1,66
6600,2024-09-22,1513,1933,3886.87,Tablet,US,33.9,31
8996,2024-09-23,3465,1516,1032.86,Mobile,US,55.4,115
8683,2024-09-24,60,1257,3630.88,Tablet,FR,14.8,26
5642,2024-09-25,1918,1865,3102.48,Web,CA,72.8,29
8679,2024-09-26,4917,883,4481.41,Mobile,CA,18.4,78
9208,2024-09-27,934,1438,4237.5,Mobile,FR,32.9,25
8339,2024-09-28,3614,2359,1582.58,Mobile,BR,67.1,48
3205,2024-09-29,1439,2288,1388.42,Web,CA,51.8,65
2069,2024-09-30,3451,1764,4908.45,Tablet,US,37.6,67
4444,2024-10-01,4371,932,2641.05,Mobile,US,43.1,90
2060,2024-10-02,874,2169,4533.04,Tablet,CA,69.8,146
3327,2024-10-03,2315,1046,827.77,Tablet,US,33.8,137
4420,2024-10-04,986,1426,3217.67,Web,FR,70.9,38
1301,2024-10-05,2850,2291,4051.2,Mobile,JP,16.2,87
1606,2024-10-06,2603,323,4737.5,Tablet,JP,64.4,149
4170,2024-10-07,3895,2266,1693.33,Mobile,DE,69.3,65
1699,2024-10-08,1846,2007,3627.66,Mobile,JP,22.7,149
6088,2024-10-09,103,1047,2698.68,Web,UK,40.1,27
1190,2024-10-10,776,1666,312.54,Mobile,FR,21.6,106
1980,2024-10-11,2786,1788,3453.1,Mobile,US,59.5,123
3975,2024-10-12,3220,1024,3453.58,Tablet,CA,47.5,44
7102,2024-10-13,1963,1103,4653.73,Web,JP,54.5,100
2184,2024-10-14,1646,1134,2491.59,Mobile,FR,23.8,28
4327,2024-10-15,1964,707,1158.95,Tablet,JP,24.8,17
4394,2024-10-16,2516,2189,232.37,Web,BR,12.9,127
9319,2024-10-17,2787,1414,2084.05,Web,US,32.5,123
2816,2024-10-18,899,1165,1516.56,Tablet,BR,49.2,131
6854,2024-10-19,2159,1053,3807.83,Tablet,US,70.1,76
7709,2024-10-20,52,1939,1777.8,Tablet,FR,56.7,46
1569,2024-10-21,4305,1023,4745.87,Tablet,DE,40.5,69
6442,2024-10-22,4119,236,4811.93,Tablet,JP,76.7,137
2895,2024-10-23,4926,1838,3108.33,Mobile,JP,60.3,85
3733,2024-10-24,942,1502,4644.01,Mobile,UK,75.1,11
4863,2024-10-25,2080,831,3806.66,Web,CA,46.9,69
8455,2024-10-26,3210,2033,2738.83,Mobile,BR,28.1,99
5014,2024-10-27,2426,880,909.74,Mobile,JP,13.7,91
2686,2024-10-28,4725,2462,2298.4,Mobile,FR,60.8,94
4009,2024-10-29,1983,2259,2808.76,Tablet,DE,18.5,115
8806,2024-10-30,1430,2095,4321.17,Web,CA,31.2,31
1154,2024-10-31,3731,1805,2411.85,Web,FR,47.3,11
2409,2024-11-01,1340,197,4489.4,Web,BR,49.5,87
1784,2024-11-02,1690,1090,3375.0,Web,UK,52.0,121
9096,2024-11-03,2732,950,693.63,Mobile,JP,21.6,130
8560,2024-11-04,1037,2330,4974.96,Mobile,FR,36.6,105
8343,2024-11-05,1268,535,2640.89,Tablet,CA,53.2,27
8206,2024-11-06,1405,345,1965.37,Web,US,77.9,2
6596,2024-11-07,4315,1088,3298.98,Mobile,DE,60.9,103
6801,2024-11-08,4666,171,553.38,Mobile,CA,74.6,101
3806,2024-11-09,4185,603,3186.33,Tablet,FR,63.4,21
1537,2024-11-10,1610,1948,2496.2,Tablet,DE,51.4,58
6986,2024-11-11,1468,2216,2039.3,Tablet,JP,23.4,133
2841,2024-11-12,1004,69,4765.57,Mobile,US,56.7,85
9716,2024-11-13,1033,1911,2617.47,Mobile,UK,53.6,93
7971,2024-11-14,1024,2268,1103.4,Tablet,CA,52.2,20
6625,2024-11-15,4183,415,2300.23,Web,UK,44.3,61
3950,2024-11-16,4022,673,4597.74,Tablet,US,47.0,38
8992,2024-11-17,963,1142,888.72,Tablet,DE,33.4,148
5780,2024-11-18,4599,1109,1077.65,Tablet,JP,46.4,25
3368,2024-11-19,86,551,75.02,Tablet,FR,23.8,130
7655,2024-11-20,3437,1347,80.81,Mobile,US,66.4,121
9173,2024-11-21,1761,1007,4148.66,Web,BR,23.0,26
5495,2024-11-22,3070,1150,3663.29,Tablet,DE,15.9,67
7002,2024-11-23,845,877,1781.65,Web,UK,40.5,1
7614,2024-11-24,4086,2076,3494.57,Web,CA,56.1,51
6919,2024-11-25,4738,441,1982.08,Web,US,40.6,5
1853,2024-11-26,3161,749,4764.96,Tablet,UK,29.4,13
5146,2024-11-27,1374,1383,4835.59,Mobile,DE,49.1,147
4769,2024-11-28,367,192,1970.04,Tablet,UK,34.3,140
1574,2024-11-29,2446,2170,4272.57,Web,US,75.3,48
2148,2024-11-30,2212,1216,3867.71,Web,DE,74.6,57
7293,2024-12-01,2795,1179,1556.9,Mobile,BR,45.2,115
7457,2024-12-02,1641,840,1167.88,Tablet,US,33.0,35
8509,2024-12-03,3161,1661,2296.59,Web,FR,61.6,76
5777,2024-12-04,3980,1146,3908.93,Mobile,JP,12.6,94
4854,2024-12-05,2046,485,4801.24,Web,US,43.2,5
3491,2024-12-06,1362,1336,3820.26,Mobile,DE,33.5,22
4124,2024-12-07,1335,980,4277.48,Mobile,CA,74.4,103
6691,2024-12-08,4361,1029,3019.29,Tablet,JP,10.8,131
4051,2024-12-09,2433,1151,4178.69,Web,US,48.7,124
1004,2024-12-10,3289,1846,3924.26,Tablet,BR,61.8,53
6222,2024-12-11,2189,170,1891.16,Web,CA,44.0,69
6315,2024-12-12,1754,2458,2764.43,Tablet,BR,16.0,104
5869,2024-12-13,412,207,4025.72,Web,FR,78.1,16
1876,2024-12-14,2654,1293,239.82,Tablet,CA,46.3,116
8027,2024-12-15,1766,669,4042.32,Mobile,UK,53.0,76
5142,2024-12-16,4501,1785,897.66,Web,CA,26.6,109
7966,2024-12-17,4336,1080,2578.27,Web,JP,43.8,39
8079,2024-12-18,3788,2020,4043.29,Mobile,CA,40.0,89
8987,2024-12-19,2519,408,1276.57,Tablet,DE,15.2,112
7799,2024-12-20,4845,1743,1236.58,Web,DE,17.4,47
5465,2024-12-21,606,1592,2019.79,Web,UK,68.6,137
1635,2024-12-22,875,2135,4474.27,Tablet,CA,26.8,128
2693,2024-12-23,2858,2181,12.21,Mobile,BR,23.6,77
5752,2024-12-24,4571,84,4507.9,Tablet,BR,45.3,15
9311,2024-12-25,2769,2194,777.5,Tablet,US,63.8,36
1830,2024-12-26,3558,611,4950.53,Tablet,FR,14.3,63
6177,2024-12-27,3791,846,4774.69,Web,JP,50.4,69
9932,2024-12-28,1624,1538,2478.43,Mobile,FR,18.3,74
9308,2024-12-29,4048,509,2568.47,Mobile,CA,12.6,24
6949,2024-12-30,2179,1606,2412.93,Tablet,FR,13.7,49
3838,2024-12-31,2453,147,3180.86,Web,US,68.4,146
2150,2025-01-01,3379,2107,462.7,Tablet,FR,18.3,7
8560,2025-01-02,638,1804,172.76,Web,UK,13.2,4
2931,2025-01-03,2062,982,297.94,Web,US,40.7,90
2664,2025-01-04,1597,1652,2227.38,Web,UK,69.1,60
2081,2025-01-05,344,1895,1384.98,Web,CA,28.4,55
1512,2025-01-06,2035,2311,3113.98,Mobile,US,39.5,16
8805,2025-01-07,3167,2038,4962.29,Web,CA,12.8,29
6237,2025-01-08,1740,1910,1937.75,Web,CA,41.4,14
1559,2025-01-09,1186,1459,2873.47,Tablet,FR,50.4,79
4672,2025-01-10,2114,556,2083.86,Tablet,UK,50.0,33
8404,2025-01-11,4505,931,4237.89,Mobile,CA,33.3,21
4343,2025-01-12,4845,590,4512.16,Tablet,UK,32.1,145
5070,2025-01-13,4593,1382,4388.0,Web,UK,17.5,23
1580,2025-01-14,4820,1966,4872.12,Tablet,US,35.7,57
8004,2025-01-15,1057,2013,147.32,Mobile,DE,17.0,142
9130,2025-01-16,2564,2106,4200.68,Tablet,FR,63.7,93
4147,2025-01-17,3576,713,3761.34,Tablet,CA,77.6,20
5249,2025-01-18,4731,2318,1151.19,Mobile,UK,77.9,19
2679,2025-01-19,1297,2413,4782.04,Mobile,JP,70.6,103
4506,2025-01-20,3952,1635,749.41,Web,DE,52.1,77
8253,2025-01-21,1485,647,3400.95,Tablet,CA,59.1,33
3744,2025-01-22,621,1019,1132.2,Web,JP,30.0,18
6188,2025-01-23,2432,650,2162.59,Tablet,FR,54.2,73
3141,2025-01-24,1295,1871,3598.61,Tablet,FR,41.9,17
7617,2025-01-25,2134,1215,2820.99,Web,UK,43.7,19
3479,2025-01-26,327,695,2143.23,Tablet,UK,63.0,70
7484,2025-01-27,1937,1861,1638.43,Tablet,CA,29.7,120
8421,2025-01-28,4629,197,4199.9,Tablet,US,32.3,101
5452,2025-01-29,1315,1629,727.63,Mobile,DE,74.7,34
6881,2025-01-30,4876,1697,2156.21,Web,CA,13.9,84
7665,2025-01-31,1090,994,4519.75,Mobile,DE,44.0,74
3849,2025-02-01,967,557,4230.79,Web,UK,73.9,88
8390,2025-02-02,935,1441,2010.7,Web,FR,52.7,85
7905,2025-02-03,2802,885,3817.91,Tablet,UK,48.2,11
3489,2025-02-04,71,627,4117.57,Web,FR,27.5,91
5611,2025-02-05,4619,2471,4445.55,Mobile,CA,34.0,144
3839,2025-02-06,3241,1375,2727.08,Mobile,FR,69.6,127
9527,2025-02-07,2403,1253,1030.26,Mobile,UK,49.1,113
6878,2025-02-08,4849,912,1283.99,Web,BR,46.0,80
7303,2025-02-09,736,172,1485.52,Mobile,DE,17.0,7
1851,2025-02-10,334,1984,2973.07,Web,JP,11.1,16
2687,2025-02-11,4861,279,173.72,Mobile,FR,77.5,16
7833,2025-02-12,3797,641,3183.85,Mobile,FR,36.4,12
3427,2025-02-13,812,915,1828.13,Web,BR,52.2,35
5000,2025-02-14,2478,2024,1483.26,Mobile,CA,15.6,21
6052,2025-02-15,2557,1651,4398.69,Tablet,CA,57.8,17
3738,2025-02-16,78,214,2305.41,Web,CA,75.3,32
6732,2025-02-17,956,591,484.31,Web,JP,50.3,41
6387,2025-02-18,3154,1589,4135.47,Web,US,18.8,134
9002,2025-02-19,4049,850,247.73,Tablet,BR,50.7,27
6536,2025-02-20,3044,1846,3636.48,Web,JP,63.6,148
4913,2025-02-21,2556,1261,3871.79,Mobile,BR,38.4,66
2066,2025-02-22,4715,1729,1769.49,Mobile,FR,71.6,137
8723,2025-02-23,3659,1652,4125.69,Mobile,DE,55.4,92
5380,2025-02-24,3603,2307,2583.14,Web,BR,72.9,61
5107,2025-02-25,1503,884,2321.84,Mobile,US,53.6,3
6726,2025-02-26,4883,1474,236.56,Web,UK,19.2,103
4373,2025-02-27,3406,2253,1457.25,Mobile,JP,31.7,55
9945,2025-02-28,565,699,4655.74,Tablet,BR,24.1,1
3082,2025-03-01,88,2020,1965.2,Tablet,BR,73.6,101
9967,2025-03-02,3392,1432,2738.04,Tablet,US,63.2,45
7748,2025-03-03,936,2011,2664.79,Tablet,DE,57.3,26
1417,2025-03-04,2894,681,2956.25,Web,BR,31.1,121
9306,2025-03-05,2254,1181,316.04,Mobile,BR,22.9,142
9808,2025-03-06,1148,1505,1817.26,Tablet,DE,63.0,46
4974,2025-03-07,1873,953,3618.41,Web,US,43.2,122
4267,2025-03-08,3251,2256,1010.8,Tablet,JP,25.8,31
1825,2025-03-09,3205,1459,1025.86,Tablet,JP,53.2,59
8668,2025-03-10,3143,905,60.35,Web,BR,12.8,29
6745,2025-03-11,3580,2199,2193.03,Web,DE,32.8,106
1412,2025-03-12,3828,1346,4414.84,Mobile,BR,42.8,17
8543,2025-03-13,2946,174,268.99,Mobile,CA,20.4,142
8587,2025-03-14,3503,2371,963.68,Tablet,UK,78.9,24
1728,2025-03-15,3561,2078,1557.32,Tablet,JP,24.6,109
8164,2025-03-16,1038,1115,3661.31,Mobile,CA,19.1,91
9867,2025-03-17,4166,1763,3206.77,Mobile,FR,24.2,25
6988,2025-03-18,4076,2362,2085.56,Web,UK,63.8,32
3504,2025-03-19,4229,1948,3797.75,Mobile,BR,39.8,116
3967,2025-03-20,1732,380,3052.06,Mobile,US,49.6,82
3786,2025-03-21,4715,1890,4481.24,Tablet,JP,11.5,110
2122,2025-03-22,4013,862,4091.95,Mobile,FR,12.4,146
5079,2025-03-23,983,393,1271.54,Tablet,UK,41.2,37
2571,2025-03-24,3648,1941,1364.48,Mobile,JP,67.2,26
6073,2025-03-25,3283,434,635.53,Web,DE,72.0,137
6104,2025-03-26,2030,2218,1691.45,Mobile,US,16.1,64
3143,2025-03-27,1905,638,4997.72,Mobile,UK,47.7,72
7806,2025-03-28,3106,904,2034.7,Mobile,DE,73.9,148
8357,2025-03-29,842,2384,1110.24,Tablet,CA,37.2,106
4440,2025-03-30,841,607,3814.79,Web,BR,68.1,86
4766,2025-03-31,1859,2346,2716.93,Mobile,DE,19.4,53
6644,2025-04-01,2305,602,756.51,Tablet,UK,75.5,92
3914,2025-04-02,3660,1697,1909.64,Web,UK,62.6,99
5968,2025-04-03,1657,582,2078.2,Tablet,CA,75.9,11
6917,2025-04-04,1034,2085,3771.61,Tablet,BR,57.4,31
9787,2025-04-05,3726,2100,113.15,Web,DE,35.4,100
1728,2025-04-06,3430,1714,1352.41,Mobile,DE,75.7,87
2365,2025-04-07,569,2480,2592.81,Tablet,BR,29.3,147
5492,2025-04-08,640,186,1351.55,Tablet,DE,33.3,140
1698,2025-04-09,1100,538,3145.89,Mobile,JP,59.1,15
8186,2025-04-10,3683,1643,2414.52,Mobile,BR,63.6,101
1395,2025-04-11,4494,975,1814.93,Web,US,75.1,29
8400,2025-04-12,1009,1527,4746.55,Web,UK,24.3,114
9082,2025-04-13,742,207,3164.48,Web,US,65.9,107
5171,2025-04-14,3949,862,658.41,Mobile,JP,61.7,108
5360,2025-04-15,4523,1547,2804.86,Tablet,CA,14.5,130
3502,2025-04-16,2996,2079,3905.85,Tablet,JP,37.1,84
1717,2025-04-17,576,1090,3545.36,Web,FR,29.8,15
3782,2025-04-18,3274,107,868.73,Mobile,FR,31.3,132
5946,2025-04-19,2303,1913,4862.38,Tablet,FR,78.8,50
6486,2025-04-20,3394,444,2249.58,Web,BR,55.0,23
9335,2025-04-21,4015,646,803.53,Tablet,DE,60.2,59
5980,2025-04-22,1925,597,909.18,Tablet,JP,78.4,90
8266,2025-04-23,1813,353,500.19,Mobile,US,36.4,115
5491,2025-04-24,570,1327,4019.56,Mobile,CA,66.1,75
8192,2025-04-25,1066,1989,618.93,Tablet,US,40.4,123
6588,2025-04-26,166,580,634.38,Web,US,70.9,136
8651,2025-04-27,2483,620,4253.85,Mobile,US,22.6,139
4636,2025-04-28,633,1737,1729.57,Tablet,CA,76.3,18
2167,2025-04-29,444,2300,163.98,Mobile,FR,25.3,50
2062,2025-04-30,3838,1864,268.96,Mobile,US,32.8,142
3156,2025-05-01,2818,969,719.43,Mobile,CA,62.9,118
8860,2025-05-02,4217,2089,1074.83,Tablet,CA,37.6,137
6161,2025-05-03,3910,2448,3329.08,Web,DE,52.6,139
6305,2025-05-04,323,2334,795.06,Web,CA,41.1,108
7541,2025-05-05,2063,541,603.18,Web,FR,62.0,67
5729,2025-05-06,4483,1187,3825.95,Mobile,US,26.0,78
8330,2025-05-07,1439,2440,3358.57,Tablet,CA,14.1,75
6334,2025-05-08,3616,1101,2182.27,Mobile,BR,31.0,39
9924,2025-05-09,4752,1911,2751.06,Web,CA,43.2,25
5330,2025-05-10,215,893,1566.8,Web,UK,21.8,21
9010,2025-05-11,1617,2271,2417.68,Tablet,UK,34.8,138
7801,2025-05-12,778,1688,2538.3,Mobile,UK,38.0,15
5846,2025-05-13,2093,2433,1942.31,Web,CA,14.0,48
7731,2025-05-14,4247,2270,4533.8,Tablet,FR,50.8,86
8241,2025-05-15,3546,2136,90.15,Mobile,US,71.9,149
1953,2025-05-16,828,1759,3913.03,Mobile,JP,20.6,116
3539,2025-05-17,263,791,630.67,Web,JP,51.8,50
8056,2025-05-18,3812,2115,3989.76,Web,JP,56.5,141
2542,2025-05-19,1626,890,3083.4,Mobile,FR,39.4,69
6293,2025-05-20,2498,456,4217.96,Mobile,DE,59.1,4
2191,2025-05-21,2986,2123,496.6,Web,BR,38.8,78
7313,2025-05-22,3167,1793,2799.31,Mobile,BR,45.3,9
7938,2025-05-23,641,1287,2510.43,Web,UK,10.5,121
3681,2025-05-24,2770,2001,3533.9,Mobile,UK,58.4,115
2540,2025-05-25,763,1077,2676.11,Web,CA,56.3,101
7172,2025-05-26,985,1587,2708.27,Tablet,JP,12.7,149
6541,2025-05-27,4387,1021,2153.68,Web,CA,35.8,146
2365,2025-05-28,51,2284,1551.08,Web,JP,78.5,97
9691,2025-05-29,2898,783,2416.5,Tablet,UK,39.5,81
9702,2025-05-30,4094,1824,601.28,Mobile,US,45.1,43
8494,2025-05-31,1999,2436,4807.95,Tablet,DE,73.7,95
5312,2025-06-01,967,1211,3574.91,Web,CA,60.2,6
2324,2025-06-02,3224,1460,4762.81,Mobile,DE,50.7,67
4141,2025-06-03,2291,316,1141.37,Tablet,DE,65.8,140
8419,2025-06-04,139,788,4397.91,Mobile,DE,70.5,100
4486,2025-06-05,1759,2325,4045.86,Mobile,UK,42.0,12
2810,2025-06-06,2219,17,3388.99,Tablet,BR,43.3,66
7588,2025-06-07,4288,485,3128.9,Mobile,UK,37.0,2
3923,2025-06-08,3091,1330,1589.58,Tablet,DE,77.7,143
6301,2025-06-09,155,2221,4083.89,Web,UK,58.8,81
5186,2025-06-10,936,494,2512.56,Mobile,DE,15.8,135
9905,2025-06-11,477,914,363.75,Web,FR,70.4,142
6977,2025-06-12,1945,568,1571.19,Web,JP,43.6,70
5268,2025-06-13,366,1977,4677.13,Mobile,BR,14.8,115
5748,2025-06-14,684,2295,4254.89,Tablet,FR,48.5,88
5849,2025-06-15,1975,1137,4909.71,Mobile,US,39.2,6
4709,2025-06-16,2106,1243,3143.69,Web,UK,71.4,27
7619,2025-06-17,3194,477,1245.08,Web,US,24.3,82
9647,2025-06-18,2320,2443,822.45,Tablet,CA,67.9,88
4072,2025-06-19,1489,857,942.7,Mobile,UK,49.0,120
7530,2025-06-20,602,2444,108.78,Web,JP,13.8,24
1504,2025-06-21,765,268,1959.5,Web,FR,78.0,102
2214,2025-06-22,3961,292,965.22,Web,JP,45.9,34
2531,2025-06-23,1763,1659,2064.16,Tablet,CA,30.4,47
8576,2025-06-24,3439,1908,4675.62,Web,DE,42.9,24
1823,2025-06-25,1157,49,2158.4,Web,JP,70.1,65
1928,2025-06-26,4256,2277,4391.14,Mobile,JP,31.3,18
6029,2025-06-27,300,1024,3031.47,Mobile,DE,23.5,44
1133,2025-06-28,2480,622,1243.19,Web,UK,19.0,76
3105,2025-06-29,2104,1925,1785.72,Web,DE,30.9,57
4627,2025-06-30,508,697,428.76,Mobile,FR,64.6,107
7316,2025-07-01,257,622,1673.98,Tablet,JP,43.0,124
2852,2025-07-02,949,2317,3390.93,Tablet,DE,25.9,139
5910,2025-07-03,3511,2423,369.83,Tablet,CA,21.6,116
5175,2025-07-04,3435,1791,1034.95,Tablet,CA,33.3,93
6348,2025-07-05,71,1820,1913.39,Tablet,JP,75.8,42
7190,2025-07-06,459,1557,4910.43,Tablet,FR,34.0,28
2256,2025-07-07,944,1940,3926.46,Tablet,US,79.2,123
4376,2025-07-08,564,1162,3670.1,Tablet,FR,44.0,24
6645,2025-07-09,4954,584,589.79,Mobile,BR,22.5,136
4486,2025-07-10,4159,1920,3907.17,Tablet,BR,72.4,106
4584,2025-07-11,2184,1022,3928.49,Tablet,BR,42.2,118
9053,2025-07-12,3645,679,3009.5,Tablet,JP,59.7,53
4330,2025-07-13,3006,278,4951.91,Web,CA,78.9,132
3703,2025-07-14,1610,1293,1633.02,Mobile,UK,13.5,100
9662,2025-07-15,1316,933,4706.95,Mobile,CA,16.8,5
9120,2025-07-16,2219,1135,4574.51,Mobile,UK,60.4,49
8114,2025-07-17,3688,1539,67.29,Tablet,UK,29.7,98
2353,2025-07-18,799,1768,2256.08,Tablet,CA,22.9,30
6063,2025-07-19,3477,1604,4885.75,Web,JP,12.8,72
9549,2025-07-20,4830,256,524.58,Mobile,FR,11.5,103
8575,2025-07-21,1977,1570,2743.45,Tablet,UK,64.2,63
1667,2025-07-22,3854,2188,4895.0,Mobile,US,19.4,26
5468,2025-07-23,3752,2410,2781.92,Web,CA,42.7,37
7819,2025-07-24,2406,2253,957.18,Web,CA,52.4,7
4719,2025-07-25,4840,1949,2915.09,Web,BR,40.0,127
3745,2025-07-26,2385,939,1030.16,Mobile,FR,11.9,92
8483,2025-07-27,356,236,2603.32,Tablet,BR,64.8,103
1539,2025-07-28,3715,274,379.47,Tablet,CA,10.7,53
5964,2025-07-29,2039,1405,3031.36,Web,CA,63.3,132
5835,2025-07-30,711,1467,2588.78,Tablet,UK,72.5,108
4775,2025-07-31,4694,655,3703.41,Web,FR,40.3,112
7042,2025-08-01,361,2268,3157.2,Mobile,DE,47.5,7
8102,2025-08-02,2970,1428,2752.54,Web,US,43.4,67
8312,2025-08-03,1132,1483,3452.0,Mobile,UK,37.2,108
6320,2025-08-04,3021,1397,728.27,Web,CA,72.1,111
7132,2025-08-05,804,1909,2980.84,Tablet,UK,72.6,148
8891,2025-08-06,4180,1259,868.83,Tablet,US,33.5,83
3779,2025-08-07,4590,991,4628.36,Web,CA,53.1,124
1924,2025-08-08,402,1164,350.99,Tablet,US,74.9,139
2581,2025-08-09,952,597,2157.57,Tablet,DE,77.3,104
8714,2025-08-10,3938,485,3482.03,Tablet,UK,45.6,67
4324,2025-08-11,208,1831,2295.53,Mobile,JP,41.7,7
6713,2025-08-12,2027,995,469.56,Tablet,UK,29.5,110
8026,2025-08-13,1006,2213,2771.36,Mobile,BR,77.1,34
1255,2025-08-14,2121,1251,3211.74,Web,FR,20.0,106
5804,2025-08-15,453,199,3521.92,Tablet,FR,50.6,147
2838,2025-08-16,4661,1450,1872.57,Tablet,BR,29.8,58
1009,2025-08-17,2829,990,2822.66,Tablet,CA,29.5,9
3871,2025-08-18,1437,1708,2258.93,Web,FR,38.3,48
9989,2025-08-19,3503,1725,3363.56,Mobile,US,79.9,115
8409,2025-08-20,1005,50,2921.95,Mobile,FR,13.8,41
8418,2025-08-21,1762,2364,2633.52,Tablet,FR,50.5,48
6124,2025-08-22,4753,952,1255.13,Web,BR,15.8,25
2015,2025-08-23,1323,347,20.07,Web,CA,20.8,116
3193,2025-08-24,3861,1347,878.67,Web,DE,40.8,78
9415,2025-08-25,2675,1108,594.16,Web,FR,45.7,108
8449,2025-08-26,2432,2336,2250.93,Web,JP,28.1,25
5158,2025-08-27,1491,905,3065.17,Mobile,FR,32.2,147
4925,2025-08-28,3029,2330,1073.29,Mobile,DE,16.1,39
7970,2025-08-29,1847,1684,4695.89,Mobile,BR,31.2,119
7938,2025-08-30,4440,940,43.34,Tablet,DE,77.7,79
5784,2025-08-31,4059,298,3863.78,Web,BR,76.1,80
5000,2025-09-01,4900,733,3129.77,Tablet,US,33.4,27
2633,2025-09-02,1444,2329,1874.04,Web,BR,50.0,104
8266,2025-09-03,4331,1963,261.94,Mobile,US,73.7,74
9702,2025-09-04,1319,1099,3141.16,Tablet,US,10.4,68
1384,2025-09-05,4782,492,1934.21,Mobile,BR,66.7,147
1404,2025-09-06,3764,945,4681.97,Web,JP,76.4,28
9175,2025-09-07,579,2305,2714.53,Web,UK,16.4,123
3000,2025-09-08,3673,165,4698.86,Web,BR,21.3,138
6989,2025-09-09,3008,1080,1110.21,Mobile,FR,77.3,83
2460,2025-09-10,2964,1968,3631.37,Web,JP,47.6,30
8190,2025-09-11,4939,2258,3090.07,Mobile,JP,11.0,22
8140,2025-09-12,3641,1693,3699.65,Tablet,FR,28.0,3
4636,2025-09-13,2197,133,1081.19,Web,UK,41.5,101
5809,2025-09-14,4623,2058,3328.32,Web,JP,58.5,105
5178,2025-09-15,3419,977,2495.22,Web,US,61.3,2
8245,2025-09-16,989,864,3716.7,Tablet,UK,79.7,54
7600,2025-09-17,575,649,1641.95,Web,CA,30.1,6
6997,2025-09-18,51,2248,4451.38,Mobile,FR,47.7,107
3048,2025-09-19,424,1612,430.66,Mobile,UK,47.3,123
5780,2025-09-20,2390,451,4037.87,Web,BR,38.4,2
1716,2025-09-21,4055,1954,4307.98,Web,UK,21.8,111
8939,2025-09-22,3102,1848,4088.09,Tablet,US,78.4,2
6565,2025-09-23,4698,1839,2568.5,Tablet,BR,69.7,93
5544,2025-09-24,2415,2200,2197.54,Tablet,DE,44.9,101
5976,2025-09-25,1575,542,4981.35,Web,FR,52.2,97
4419,2025-09-26,4526,2284,1153.57,Tablet,FR,25.9,111
8239,2025-09-27,1696,1346,2738.91,Tablet,UK,48.1,6
1249,2025-09-28,63,958,3356.67,Mobile,JP,58.6,127
9865,2025-09-29,4649,2029,3507.33,Tablet,BR,46.1,104
1770,2025-09-30,2328,469,1028.08,Mobile,DE,79.3,147
5363,2025-10-01,3205,560,3273.43,Mobile,BR,52.8,1
2077,2025-10-02,179,402,4093.66,Tablet,FR,36.0,33
9427,2025-10-03,3864,1797,259.59,Mobile,BR,64.1,40
9580,2025-10-04,4983,854,4558.49,Web,DE,21.9,32
8901,2025-10-05,3266,2267,157.23,Web,JP,36.9,17
5858,2025-10-06,2988,1148,1786.3,Tablet,UK,34.3,126
7544,2025-10-07,3978,655,88.91,Web,US,40.2,8
5719,2025-10-08,2090,2276,394.95,Mobile,BR,64.7,57
3814,2025-10-09,77,2464,4556.73,Web,US,43.9,42
4374,2025-10-10,2163,1476,1780.76,Tablet,FR,65.6,98
2252,2025-10-11,1302,1387,2129.61,Tablet,UK,50.4,137
7996,2025-10-12,4406,151,1084.57,Mobile,CA,33.9,120
5673,2025-10-13,2096,510,2989.51,Tablet,UK,66.7,87
5530,2025-10-14,4605,849,2978.07,Web,BR,26.7,54
7881,2025-10-15,4073,1692,1867.28,Tablet,JP,25.7,84
7949,2025-10-16,4446,1575,1671.84,Mobile,UK,45.3,25
7241,2025-10-17,3424,2056,4425.97,Tablet,BR,28.3,67
9017,2025-10-18,3516,1540,1922.59,Web,BR,10.6,46
7941,2025-10-19,3131,605,2472.57,Mobile,US,55.4,22
8002,2025-10-20,3828,1914,1423.69,Web,UK,45.8,139
2331,2025-10-21,679,290,3935.98,Mobile,BR,41.2,8
5261,2025-10-22,319,433,1993.27,Tablet,US,77.7,39
8648,2025-10-23,2689,279,2572.92,Mobile,DE,50.0,49
6115,2025-10-24,2043,163,1274.25,Mobile,CA,70.4,46
5637,2025-10-25,2941,1760,4938.42,Tablet,US,19.8,38
5854,2025-10-26,3482,671,1464.56,Web,US,49.8,136
4177,2025-10-27,1330,1977,3856.01,Tablet,BR,70.8,54
8730,2025-10-28,2410,92,2143.2,Mobile,FR,50.8,92
3180,2025-10-29,625,1459,1039.02,Tablet,FR,60.3,40
5892,2025-10-30,1357,1308,4000.6,Mobile,JP,36.0,34
8043,2025-10-31,3242,2341,1674.7,Tablet,FR,16.5,96
1137,2025-11-01,3228,989,4327.31,Tablet,US,42.1,79
7327,2025-11-02,2784,2230,4577.13,Web,JP,37.6,127
4472,2025-11-03,2262,1669,4300.52,Mobile,BR,70.7,17
6449,2025-11-04,2402,1408,184.69,Web,UK,27.1,110
3832,2025-11-05,3618,642,3938.99,Mobile,CA,77.7,52
4579,2025-11-06,1705,1541,2062.58,Tablet,CA,77.1,118
6971,2025-11-07,1629,796,4369.88,Mobile,US,27.3,9
5164,2025-11-08,2253,407,3193.39,Web,US,34.4,33
8941,2025-11-09,1440,1153,4169.88,Web,JP,72.7,113
6569,2025-11-10,1792,943,2502.16,Web,BR,77.7,149
5300,2025-11-11,1975,1470,2679.78,Mobile,DE,41.0,85
7269,2025-11-12,669,1862,730.49,Web,US,32.5,10
4818,2025-11-13,1324,295,3922.1,Web,DE,46.8,6
2906,2025-11-14,1006,274,2102.75,Web,DE,58.1,115
7254,2025-11-15,1989,2377,2505.4,Tablet,FR,29.1,121
1760,2025-11-16,4003,2146,3927.64,Tablet,BR,61.6,141
8830,2025-11-17,2431,1687,2998.24,Mobile,CA,13.6,65
8350,2025-11-18,1018,1236,1013.48,Mobile,CA,13.5,20
7238,2025-11-19,1366,830,2955.26,Web,DE,37.0,57
7090,2025-11-20,1093,1772,2044.09,Tablet,CA,34.7,46
7031,2025-11-21,331,2391,2352.93,Web,BR,32.1,136
8687,2025-11-22,2894,2279,151.27,Web,FR,44.4,10
9472,2025-11-23,1108,50,1058.05,Tablet,BR,32.5,113
2887,2025-11-24,4343,1741,1412.38,Tablet,US,23.5,139
4266,2025-11-25,2582,77,3567.67,Tablet,DE,31.7,12
1666,2025-11-26,3878,997,67.35,Mobile,BR,78.2,138
5188,2025-11-27,1058,1809,2049.8,Mobile,CA,38.8,11
1671,2025-11-28,1279,1631,4620.89,Web,UK,41.1,118
7777,2025-11-29,1085,1665,568.28,Mobile,BR,50.4,39
8570,2025-11-30,4635,1288,2586.96,Tablet,DE,78.8,53
8956,2025-12-01,325,704,3934.75,Tablet,FR,26.9,56
6124,2025-12-02,2790,1095,4713.23,Mobile,CA,57.7,104
6585,2025-12-03,2339,2489,3736.42,Web,FR,60.1,129
5777,2025-12-04,1289,1703,3605.62,Web,DE,52.5,56
4900,2025-12-05,175,2325,4134.18,Mobile,CA,16.2,118
7677,2025-12-06,4115,1068,2236.54,Web,US,57.4,132
7981,2025-12-07,4362,788,4031.16,Web,CA,14.5,30
7376,2025-12-08,3918,503,49.74,Web,US,51.7,12
1523,2025-12-09,1258,1595,4623.56,Tablet,FR,61.8,35
3393,2025-12-10,3299,1502,2222.1,Tablet,FR,24.8,77
3593,2025-12-11,968,1800,2771.37,Mobile,DE,68.9,102
8240,2025-12-12,3973,670,1281.86,Tablet,US,12.1,87
7937,2025-12-13,4453,1358,3715.23,Web,FR,69.1,52
7190,2025-12-14,2019,1337,392.41,Tablet,US,42.2,80
6240,2025-12-15,2843,1309,4364.45,Mobile,FR,25.2,135
7493,2025-12-16,941,1996,4142.3,Tablet,CA,19.4,22
3878,2025-12-17,4520,2054,1088.14,Web,BR,76.7,75
5143,2025-12-18,2083,1938,4048.53,Web,UK,15.1,58
4644,2025-12-19,1414,1357,3933.93,Mobile,CA,23.9,93
5432,2025-12-20,178,1068,3164.76,Tablet,JP,34.3,103
2276,2025-12-21,1064,986,1873.87,Tablet,BR,53.4,140
6811,2025-12-22,1849,491,1364.78,Tablet,JP,48.1,7
1302,2025-12-23,4662,737,1166.6,Web,FR,18.8,128
1638,2025-12-24,1568,1041,1599.86,Mobile,UK,30.3,55
1055,2025-12-25,4231,352,4518.76,Tablet,UK,26.7,106
9717,2025-12-26,1248,1457,397.43,Web,FR,24.9,62
9150,2025-12-27,3923,2389,4146.07,Web,FR,38.8,90
3125,2025-12-28,2524,2495,1750.96,Web,US,59.3,98
1364,2025-12-29,3535,2231,2612.78,Tablet,FR,25.2,77
7809,2025-12-30,4099,536,3974.48,Tablet,DE,35.7,119
5621,2025-12-31,3769,1906,4423.04,Tablet,FR,37.4,36
6126,2026-01-01,352,668,1730.46,Tablet,DE,78.4,89
6122,2026-01-02,4002,2083,2314.6,Tablet,FR,76.8,145
2646,2026-01-03,4733,829,2078.44,Tablet,US,66.0,130
1918,2026-01-04,1036,415,76.12,Tablet,DE,26.9,141
3797,2026-01-05,1913,2289,1486.76,Tablet,BR,14.8,93
7506,2026-01-06,4490,1583,2301.35,Tablet,DE,32.2,114
6870,2026-01-07,4959,1821,2061.36,Web,CA,28.7,28
2531,2026-01-08,3122,514,3612.43,Tablet,US,45.4,143
9172,2026-01-09,3174,188,1930.17,Mobile,JP,64.4,33
4345,2026-01-10,1377,141,2451.99,Web,DE,70.1,20
8673,2026-01-11,2458,1856,2153.75,Tablet,CA,69.1,140
7949,2026-01-12,3723,1488,3705.72,Mobile,CA,35.2,101
7882,2026-01-13,3341,2405,4316.23,Tablet,CA,58.1,23
2906,2026-01-14,4083,781,2664.13,Mobile,FR,31.9,112
4086,2026-01-15,753,1439,3949.27,Mobile,CA,14.3,14
9152,2026-01-16,624,2133,1490.97,Mobile,FR,59.1,91
6750,2026-01-17,3282,588,2711.43,Mobile,JP,10.7,77
9905,2026-01-18,4833,1525,1732.7,Web,US,38.6,85
2062,2026-01-19,2682,203,2076.86,Web,UK,33.1,109
2976,2026-01-20,3878,2017,3664.75,Mobile,FR,58.5,31
2296,2026-01-21,3280,1195,4409.5,Tablet,CA,63.6,122
7229,2026-01-22,538,2404,616.26,Mobile,CA,31.3,107
8641,2026-01-23,1397,1394,3176.85,Web,BR,66.8,54
1125,2026-01-24,3731,1802,2914.9,Tablet,CA,30.6,133
5632,2026-01-25,3223,1120,600.89,Web,US,41.2,141
7288,2026-01-26,4639,2271,1067.35,Web,DE,60.9,43
4596,2026-01-27,1717,1946,1561.9,Tablet,DE,58.5,89
7168,2026-01-28,1687,789,842.99,Mobile,CA,79.1,115
8561,2026-01-29,4164,271,1226.21,Mobile,BR,25.8,99
9258,2026-01-30,3603,739,1345.33,Mobile,FR,56.4,47
1232,2026-01-31,1050,292,1685.01,Mobile,US,52.7,71
7371,2026-02-01,900,1500,3749.46,Tablet,BR,74.1,67
5206,2026-02-02,1438,371,2863.84,Tablet,FR,20.9,62
8943,2026-02-03,3762,450,4931.37,Tablet,US,62.6,109
7891,2026-02-04,1417,2150,2079.53,Web,CA,49.8,37
7738,2026-02-05,871,1654,3771.79,Tablet,DE,29.2,119
3472,2026-02-06,504,876,4358.63,Mobile,US,43.2,86
3739,2026-02-07,1674,1457,3398.1,Web,CA,33.4,126
6401,2026-02-08,2822,151,2065.21,Mobile,JP,50.6,136
2761,2026-02-09,3776,1324,3770.44,Mobile,UK,72.2,52
1876,2026-02-10,3197,1465,1026.3,Tablet,US,49.9,91
4812,2026-02-11,4139,1885,1644.49,Tablet,UK,54.2,33
2460,2026-02-12,4856,1857,2737.96,Mobile,US,46.3,81
2733,2026-02-13,2240,1722,2881.29,Mobile,UK,13.6,42
2605,2026-02-14,966,710,120.49,Web,JP,26.3,112
6622,2026-02-15,4036,1007,4726.12,Tablet,DE,44.4,126
7767,2026-02-16,2925,2106,3486.17,Web,FR,31.7,136
7986,2026-02-17,1490,1335,2483.56,Web,UK,22.7,106
4517,2026-02-18,4450,890,4666.3,Web,JP,45.3,125
4735,2026-02-19,785,1223,2201.09,Mobile,UK,32.6,113
9434,2026-02-20,3618,1169,4902.37,Web,DE,28.1,64
3590,2026-02-21,3388,564,2566.3,Web,UK,42.5,123
2063,2026-02-22,3065,413,580.29,Mobile,JP,19.3,114
5324,2026-02-23,2939,901,3826.36,Tablet,CA,74.9,20
6342,2026-02-24,1011,611,3397.7,Tablet,JP,70.7,16
1005,2026-02-25,3039,1840,3867.2,Web,BR,59.5,145
8489,2026-02-26,3898,350,4757.7,Mobile,DE,17.4,19
9659,2026-02-27,1076,1978,3884.68,Tablet,CA,64.3,120
9195,2026-02-28,3915,713,3060.57,Web,BR,66.6,136
6966,2026-03-01,2913,327,4287.97,Web,DE,63.7,38
9837,2026-03-02,2551,1396,3369.5,Mobile,CA,18.0,93
1117,2026-03-03,1997,2439,2046.51,Web,UK,55.1,105
3551,2026-03-04,1227,2290,4429.24,Tablet,CA,68.4,100
6560,2026-03-05,4810,1810,1117.28,Mobile,JP,50.4,90
5289,2026-03-06,61,1377,3576.06,Tablet,BR,55.2,44
1846,2026-03-07,4449,1582,4409.0,Tablet,UK,42.1,76
7316,2026-03-08,3414,826,3659.27,Tablet,JP,47.0,145
7469,2026-03-09,3072,562,3489.4,Web,DE,12.4,79
9915,2026-03-10,3421,865,3765.67,Web,CA,54.7,73
1224,2026-03-11,2880,1822,2330.63,Tablet,JP,15.7,140
5208,2026-03-12,92,192,4372.11,Tablet,UK,40.5,96
7283,2026-03-13,993,1584,1025.15,Mobile,BR,30.5,89
3048,2026-03-14,2440,406,645.66,Mobile,BR,48.2,103
7233,2026-03-15,2595,1737,1434.69,Web,CA,19.3,146
2828,2026-03-16,2461,1527,2662.57,Web,JP,58.4,6
2917,2026-03-17,1054,916,2557.7,Mobile,UK,65.7,122
5234,2026-03-18,70,1366,4104.79,Tablet,US,21.4,116
7988,2026-03-19,456,2184,2028.8,Web,DE,17.3,62
3026,2026-03-20,1064,10,2426.88,Tablet,DE,20.2,144
4744,2026-03-21,4481,28,76.7,Mobile,UK,71.4,136
1009,2026-03-22,1888,593,2054.6,Web,US,47.0,89
1260,2026-03-23,3238,465,3242.39,Web,BR,42.7,96
7038,2026-03-24,764,2046,87.39,Mobile,CA,17.5,126
3219,2026-03-25,4196,1142,1411.6,Web,FR,55.5,90
8041,2026-03-26,3904,1962,1047.7,Mobile,FR,70.8,86
3060,2026-03-27,4469,2160,219.51,Web,CA,68.0,138
6287,2026-03-28,4934,997,2401.51,Mobile,UK,53.8,121
2619,2026-03-29,190,529,916.8,Web,US,15.3,76
9512,2026-03-30,4615,868,3717.98,Tablet,US,17.9,92
2342,2026-03-31,4932,183,4241.16,Tablet,DE,13.5,70
3832,2026-04-01,1013,1376,2732.47,Tablet,BR,28.0,148
3824,2026-04-02,422,2488,4908.72,Web,JP,19.5,133
2994,2026-04-03,3685,736,2257.89,Web,US,28.2,23
4490,2026-04-04,2591,1720,2571.71,Tablet,CA,37.0,137
8984,2026-04-05,3660,1885,4946.2,Tablet,JP,76.0,58
2604,2026-04-06,1742,1691,1165.43,Mobile,FR,52.7,46
1235,2026-04-07,155,1357,4713.3,Mobile,JP,68.4,22
2908,2026-04-08,1731,999,223.76,Mobile,BR,59.7,8
9567,2026-04-09,4147,429,2237.47,Tablet,CA,17.9,123
4530,2026-04-10,4066,603,359.32,Tablet,BR,61.5,20
6256,2026-04-11,2686,1784,3648.88,Tablet,JP,29.3,78
3635,2026-04-12,2187,2469,3045.96,Mobile,UK,54.7,39
9162,2026-04-13,3466,945,3536.1,Web,US,33.9,37
3560,2026-04-14,4495,1117,1878.66,Tablet,CA,79.8,75
6415,2026-04-15,3580,1146,1853.71,Web,UK,28.4,118
4391,2026-04-16,1336,341,236.14,Web,JP,29.5,104
6951,2026-04-17,3229,2098,1756.23,Web,US,75.1,31
6468,2026-04-18,3704,1803,4647.15,Mobile,DE,11.7,123
9007,2026-04-19,2409,968,1902.34,Web,UK,58.8,54
7413,2026-04-20,494,114,4158.52,Tablet,UK,60.8,34
7941,2026-04-21,85,211,4213.2,Mobile,JP,68.5,122
5820,2026-04-22,1525,1852,1872.47,Tablet,FR,78.2,113
3898,2026-04-23,4007,1876,3163.62,Tablet,JP,78.3,62
8546,2026-04-24,1848,2006,485.9,Mobile,UK,14.6,23
1077,2026-04-25,1895,1299,527.36,Tablet,US,67.5,46
8577,2026-04-26,1458,919,252.8,Tablet,FR,55.2,56
5227,2026-04-27,1758,219,2909.27,Mobile,JP,55.3,135
1600,2026-04-28,2988,572,2136.09,Tablet,CA,19.0,118
2065,2026-04-29,1350,1573,2744.68,Web,JP,55.5,131
3136,2026-04-30,1293,780,2610.16,Tablet,UK,78.8,113
7943,2026-05-01,4026,638,1757.51,Web,UK,73.8,44
8804,2026-05-02,3147,1638,3390.59,Tablet,DE,40.7,128
7565,2026-05-03,4666,1711,3794.92,Mobile,JP,12.8,108
6984,2026-05-04,59,396,83.0,Mobile,UK,35.4,17
6142,2026-05-05,2475,1945,1044.14,Tablet,CA,67.8,59
5670,2026-05-06,1710,2353,3569.05,Mobile,BR,59.1,138
3190,2026-05-07,2681,2315,1939.23,Tablet,FR,42.2,99
3712,2026-05-08,4865,1114,3315.79,Mobile,BR,13.9,84
3192,2026-05-09,1122,277,1741.34,Web,FR,39.9,146
2248,2026-05-10,3275,2476,1959.87,Tablet,CA,42.8,45
5033,2026-05-11,1366,2292,801.81,Web,JP,75.0,108
2997,2026-05-12,4195,1866,1298.57,Web,DE,54.9,62
4687,2026-05-13,3733,2008,3031.0,Tablet,UK,31.8,59
5018,2026-05-14,3323,1390,2171.48,Web,UK,46.8,138
2970,2026-05-15,195,1246,3873.77,Tablet,UK,14.6,11
9389,2026-05-16,3090,583,4264.4,Web,JP,78.1,102
6765,2026-05-17,1512,58,2712.82,Tablet,FR,35.2,70
2202,2026-05-18,4726,1160,3793.75,Tablet,CA,43.5,123
9135,2026-05-19,1634,232,1541.45,Mobile,UK,34.9,34
6567,2026-05-20,532,1441,2080.71,Tablet,BR,57.8,101
8667,2026-05-21,3229,1538,3566.76,Tablet,UK,56.4,145
6742,2026-05-22,1299,1829,1937.2,Web,JP,60.1,104
6788,2026-05-23,4818,2334,2946.64,Tablet,CA,28.8,40
6408,2026-05-24,680,1471,935.01,Mobile,DE,32.1,19
9669,2026-05-25,711,1140,3002.86,Web,CA,18.8,67
1922,2026-05-26,3553,1691,4308.95,Web,BR,55.9,82
1419,2026-05-27,2902,2477,4344.51,Mobile,UK,12.8,64
3204,2026-05-28,2516,384,3624.48,Web,UK,51.8,83
2120,2026-05-29,1037,2130,3731.31,Web,US,70.9,47
1950,2026-05-30,1596,2031,2794.06,Web,FR,72.4,6
3336,2026-05-31,699,1063,2927.49,Web,BR,41.4,16
6373,2026-06-01,1018,1899,676.92,Mobile,US,42.2,146
3243,2026-06-02,2687,1833,2224.86,Mobile,CA,15.4,39
3645,2026-06-03,1150,1484,2259.37,Web,DE,57.0,113
5612,2026-06-04,490,2252,4792.9,Web,FR,67.5,140
2865,2026-06-05,819,1189,2161.12,Mobile,BR,27.1,138
7028,2026-06-06,1393,1074,2751.22,Mobile,UK,39.5,71
8326,2026-06-07,4408,2080,2670.92,Mobile,CA,68.7,110
7371,2026-06-08,3779,369,3187.44,Web,BR,71.4,55
7359,2026-06-09,3956,2051,3743.68,Web,UK,27.0,129
8863,2026-06-10,1627,1151,1132.96,Tablet,FR,48.5,49
4228,2026-06-11,4058,1645,2648.33,Mobile,UK,23.5,21
4719,2026-06-12,3401,1413,4131.33,Web,DE,17.1,37
3371,2026-06-13,4845,1953,2320.94,Mobile,CA,73.8,116
3891,2026-06-14,2399,688,1399.5,Web,JP,67.4,24
4756,2026-06-15,3652,2497,3277.0,Mobile,UK,63.2,55
5225,2026-06-16,1291,16,4120.6,Web,DE,13.4,25
1094,2026-06-17,1175,2478,325.07,Tablet,JP,69.1,135
3674,2026-06-18,2651,1601,3886.18,Tablet,CA,40.7,127
7898,2026-06-19,1240,842,4110.02,Mobile,FR,34.0,93
1793,2026-06-20,4181,1820,2313.0,Web,FR,48.3,94
3116,2026-06-21,4889,923,4916.7,Web,CA,16.4,71
6779,2026-06-22,4498,2021,3935.67,Mobile,CA,63.0,122
7166,2026-06-23,122,1452,3870.58,Web,BR,50.8,24
1814,2026-06-24,1964,1460,3741.71,Mobile,DE,23.1,11
1345,2026-06-25,2522,1512,761.53,Web,DE,23.2,73
9554,2026-06-26,3096,135,1093.98,Mobile,CA,22.9,12
3443,2026-06-27,757,2452,2325.31,Web,US,14.0,35
8783,2026-06-28,1854,826,1327.38,Mobile,US,51.1,141
1984,2026-06-29,3763,1839,2082.05,Web,JP,68.8,23
8790,2026-06-30,2614,585,4443.44,Tablet,JP,11.2,83
1827,2026-07-01,2525,2382,4123.39,Web,US,13.4,88
4531,2026-07-02,3660,1425,3153.9,Mobile,CA,50.1,80
8147,2026-07-03,4305,939,4292.02,Tablet,CA,67.4,97
5451,2026-07-04,2873,1473,3921.02,Web,JP,32.9,140
4876,2026-07-05,1785,842,2150.63,Tablet,UK,34.5,34
6959,2026-07-06,1635,1064,1013.32,Web,CA,51.7,75
1126,2026-07-07,116,1658,2575.86,Tablet,US,29.2,128
4177,2026-07-08,3111,1910,3683.78,Mobile,DE,11.9,141
9795,2026-07-09,2478,1467,2187.73,Web,CA,61.5,31
7024,2026-07-10,4203,1409,3337.19,Web,CA,53.8,130
6109,2026-07-11,391,452,480.69,Mobile,UK,50.7,103
5146,2026-07-12,2824,2132,3742.54,Tablet,JP,61.9,15
8196,2026-07-13,2867,566,4065.44,Mobile,CA,57.3,57
4368,2026-07-14,2711,1188,3537.12,Mobile,FR,24.4,75
4797,2026-07-15,1282,2047,4836.65,Tablet,BR,34.7,34
2792,2026-07-16,3924,372,4134.99,Mobile,US,18.8,103
6732,2026-07-17,2451,1267,4516.44,Web,FR,19.1,75
4476,2026-07-18,1544,1851,4668.52,Web,JP,57.3,29
4417,2026-07-19,4261,2319,4008.73,Web,DE,70.1,16
2645,2026-07-20,711,1860,3374.55,Mobile,BR,77.4,77
4030,2026-07-21,3933,2182,38.54,Web,FR,54.0,37
3872,2026-07-22,3669,920,2334.47,Web,BR,22.9,81
4072,2026-07-23,1918,254,2860.1,Web,US,17.4,149
2854,2026-07-24,2384,551,1527.11,Web,JP,66.9,124
5021,2026-07-25,3424,2179,1597.34,Web,CA,50.5,19
5662,2026-07-26,1066,2182,4806.19,Web,DE,53.3,102
7514,2026-07-27,4456,1582,4459.64,Mobile,JP,64.7,136
6031,2026-07-28,257,2227,4247.4,Web,BR,59.2,77
3708,2026-07-29,2715,133,2036.0,Web,FR,68.4,41
8112,2026-07-30,2543,1741,78.36,Tablet,US,13.9,61
9393,2026-07-31,682,795,410.31,Mobile,US,62.3,26
4507,2026-08-01,2152,2053,1567.86,Mobile,JP,69.6,71
7456,2026-08-02,3009,2258,88.56,Mobile,CA,30.0,103
5212,2026-08-03,3133,2426,95.58,Mobile,FR,54.8,70
8970,2026-08-04,4802,806,4583.85,Web,CA,32.0,107
9766,2026-08-05,1981,86,3533.73,Web,CA,77.1,107
1536,2026-08-06,3769,68,1551.69,Tablet,FR,12.3,103
2625,2026-08-07,2612,2488,671.9,Tablet,BR,50.6,19
8973,2026-08-08,1729,1533,2563.06,Mobile,JP,21.7,68
9577,2026-08-09,286,1946,36.68,Tablet,JP,59.9,70
9070,2026-08-10,4493,2166,4692.68,Tablet,UK,22.3,113
9666,2026-08-11,4775,1311,2079.93,Mobile,JP,26.5,57
9609,2026-08-12,1590,77,2017.65,Mobile,US,44.6,61
7490,2026-08-13,3993,2362,1959.06,Tablet,BR,74.0,92
4600,2026-08-14,413,1942,355.95,Web,FR,24.8,30
7783,2026-08-15,2418,374,3195.23,Tablet,JP,20.1,127
5971,2026-08-16,335,830,3667.69,Tablet,BR,63.1,115
2205,2026-08-17,198,1412,3383.87,Web,JP,45.0,6
2990,2026-08-18,4087,2400,700.79,Web,FR,73.8,18
6299,2026-08-19,4601,956,2898.41,Mobile,DE,20.3,10
4572,2026-08-20,1816,1587,2851.73,Mobile,FR,55.2,92
6975,2026-08-21,4945,1387,4343.37,Tablet,FR,26.3,139
7320,2026-08-22,1062,1449,1901.85,Web,FR,21.0,77
5380,2026-08-23,2881,771,1863.71,Mobile,JP,57.8,101
5757,2026-08-24,2557,350,3096.45,Tablet,UK,51.6,84
3713,2026-08-25,1573,392,3169.03,Web,FR,62.8,52
6588,2026-08-26,2835,1013,2351.73,Tablet,US,31.7,31
1966,2026-08-27,2606,1566,2220.87,Mobile,US,41.4,145
5944,2026-08-28,3775,309,2475.8,Mobile,BR,38.4,110
4432,2026-08-29,4626,148,4306.62,Web,UK,78.9,93
1688,2026-08-30,1651,368,2311.22,Tablet,BR,30.5,53
5243,2026-08-31,2458,845,4700.26,Web,US,30.6,145
4701,2026-09-01,390,1532,2524.98,Mobile,CA,34.8,86
9533,2026-09-02,2867,1637,4746.51,Mobile,US,49.5,2
6182,2026-09-03,2546,1992,4165.83,Tablet,DE,27.7,86
7704,2026-09-04,4980,1313,1818.53,Tablet,FR,74.1,133
5422,2026-09-05,1775,918,4319.57,Tablet,CA,28.6,4
2759,2026-09-06,1739,1144,559.22,Web,US,72.7,6
3482,2026-09-07,3317,2196,4625.99,Tablet,JP,17.2,149
9058,2026-09-08,4456,1005,3161.9,Tablet,JP,56.0,118
1951,2026-09-09,311,2492,281.41,Mobile,BR,73.5,89
9914,2026-09-10,1492,2330,3224.84,Mobile,CA,21.8,14
3079,2026-09-11,455,2161,4871.5,Tablet,BR,77.8,56
3717,2026-09-12,2240,1247,358.31,Tablet,FR,41.7,81
5524,2026-09-13,4487,1794,2777.89,Mobile,FR,76.2,149
9477,2026-09-14,293,174,3741.49,Tablet,DE,57.4,46
8311,2026-09-15,4635,1008,4053.19,Web,UK,31.1,144
8186,2026-09-16,4157,1317,2075.0,Web,BR,23.2,16
3065,2026-09-17,610,666,1028.79,Web,FR,31.3,120
1768,2026-09-18,4187,2221,221.29,Tablet,BR,16.5,84
6490,2026-09-19,2775,1919,2902.83,Mobile,FR,20.1,8
7645,2026-09-20,643,2056,2270.03,Tablet,US,17.3,88
6083,2026-09-21,1876,2121,4744.23,Tablet,BR,39.6,131
6232,2026-09-22,3279,1150,312.42,Mobile,US,65.7,19
6797,2026-09-23,3337,1899,3430.12,Mobile,BR,19.9,97
5926,2026-09-24,4123,276,134.58,Mobile,UK,19.1,66
7016,2026-09-25,183,1855,865.46,Web,DE,55.0,79
4335,2026-09-26,3188,1718,2273.36,Tablet,JP,23.8,86
